,hero1_id,hero2_id,winrate,games
0,pudge,windranger,0.5192,495
1,windranger,viper,0.6364,55
2,sand-king,windranger,0.5085,118
3,windranger,ogre-magi,0.5072,278
4,pudge,viper,0.656,125
5,pudge,sand-king,0.5317,205
6,pudge,ogre-magi,0.5132,380
7,viper,ogre-magi,0.5647,85
8,sand-king,ogre-magi,0.5166,151
9,rubick,timbersaw,0.5319,94
10,juggernaut,timbersaw,0.3766,77
11,shadow-shaman,timbersaw,0.4912,57
12,timbersaw,invoker,0.5421,107
13,rubick,juggernaut,0.4286,315
14,shadow-shaman,rubick,0.4286,126
15,rubick,invoker,0.432,294
16,shadow-shaman,juggernaut,0.441,195
17,juggernaut,invoker,0.4918,305
18,shadow-shaman,invoker,0.5095,210
19,sand-king,lina,0.4593,172
20,sand-king,spectre,0.4179,67
21,lina,spectre,0.3882,85
22,gyrocopter,tinker,0.4545,55
23,tinker,jakiro,0.5195,77
24,gyrocopter,jakiro,0.5391,115
25,lion,clockwerk,0.4507,71
26,queen-of-pain,lion,0.3868,106
27,phantom-assassin,lion,0.4686,175
28,queen-of-pain,phantom-assassin,0.4237,59
29,slark,silencer,0.4741,116
30,monkey-king,silencer,0.4805,77
31,tiny,silencer,0.3947,76
32,slark,monkey-king,0.4151,106
33,undying,slark,0.5195,77
34,slark,tiny,0.4076,238
35,undying,monkey-king,0.6481,54
36,monkey-king,tiny,0.4261,176
37,undying,tiny,0.5536,56
38,slark,mirana,0.5221,385
39,slark,kunkka,0.5418,251
40,slark,phoenix,0.5,120
41,slark,treant-protector,0.4419,86
42,mirana,kunkka,0.5522,297
43,mirana,phoenix,0.5783,83
44,mirana,treant-protector,0.5606,66
45,kunkka,phoenix,0.5169,89
46,kunkka,treant-protector,0.451,51
47,clinkz,ogre-magi,0.5,76
48,zeus,ogre-magi,0.497,169
49,zeus,faceless-void,0.5459,207
50,ogre-magi,faceless-void,0.5559,286
51,outworld-devourer,ogre-magi,0.4533,150
52,outworld-devourer,faceless-void,0.4818,137
53,tinker,mirana,0.4724,163
54,pudge,mirana,0.5664,459
55,gyrocopter,mirana,0.5357,196
56,mirana,phantom-lancer,0.5949,79
57,pudge,tinker,0.4775,222
58,pudge,gyrocopter,0.5759,257
59,pudge,phantom-lancer,0.5701,107
60,grimstroke,windranger,0.4245,139
61,juggernaut,windranger,0.4366,268
62,grimstroke,juggernaut,0.4121,165
63,grimstroke,sand-king,0.4066,91
64,juggernaut,huskar,0.4915,59
65,juggernaut,sand-king,0.497,165
66,invoker,faceless-void,0.5079,441
67,dazzle,faceless-void,0.5524,105
68,bristleback,faceless-void,0.4845,97
69,mirana,faceless-void,0.5556,360
70,dazzle,invoker,0.5044,113
71,bristleback,invoker,0.4915,118
72,mirana,invoker,0.4866,374
73,dazzle,mirana,0.5784,102
74,bristleback,mirana,0.5519,154
75,pudge,ember-spirit,0.5233,300
76,ember-spirit,lina,0.4818,137
77,ember-spirit,wraith-king,0.506,83
78,ember-spirit,silencer,0.4091,66
79,pudge,lina,0.5,310
80,pudge,wraith-king,0.5469,256
81,pudge,silencer,0.5076,197
82,wraith-king,lina,0.5423,142
83,lina,silencer,0.4054,74
84,wraith-king,silencer,0.4667,75
85,kunkka,ogre-magi,0.5528,199
86,kunkka,lina,0.4899,149
87,sand-king,kunkka,0.5357,84
88,kunkka,lifestealer,0.411,163
89,lina,ogre-magi,0.5047,212
90,lifestealer,ogre-magi,0.5181,249
91,lina,lifestealer,0.4541,196
92,sand-king,lifestealer,0.4889,135
93,pangolier,anti-mage,0.431,58
94,pangolier,tiny,0.3803,71
95,pangolier,grimstroke,0.4516,62
96,anti-mage,tiny,0.4933,75
97,grimstroke,anti-mage,0.4603,63
98,grimstroke,tiny,0.3171,82
99,dark-willow,slark,0.5732,82
100,slark,nyx-assassin,0.4211,57
101,storm-spirit,silencer,0.4423,52
102,storm-spirit,faceless-void,0.4902,102
103,bounty-hunter,storm-spirit,0.5909,66
104,silencer,faceless-void,0.4519,104
105,bounty-hunter,faceless-void,0.4561,114
106,night-stalker,wraith-king,0.5802,131
107,night-stalker,silencer,0.5347,101
108,dark-willow,lina,0.4314,51
109,pudge,dark-willow,0.5625,128
110,grimstroke,lina,0.4478,134
111,pudge,grimstroke,0.4315,241
112,pudge,spectre,0.5361,166
113,pangolier,invoker,0.5172,145
114,pangolier,jakiro,0.4321,81
115,pangolier,juggernaut,0.5391,115
116,invoker,jakiro,0.5287,174
117,warlock,invoker,0.4683,126
118,juggernaut,jakiro,0.5556,153
119,warlock,juggernaut,0.4658,73
120,rubick,templar-assassin,0.5738,61
121,pudge,templar-assassin,0.514,107
122,rubick,anti-mage,0.5188,133
123,pudge,anti-mage,0.4868,228
124,rubick,oracle,0.3929,56
125,pudge,oracle,0.4867,113
126,pudge,rubick,0.4905,420
127,sand-king,slark,0.5134,187
128,pudge,spirit-breaker,0.5429,70
129,pudge,slark,0.4826,516
130,slark,spirit-breaker,0.45,60
131,dazzle,wraith-king,0.4179,67
132,wraith-king,legion-commander,0.5139,72
133,dazzle,legion-commander,0.5,70
134,crystal-maiden,phantom-lancer,0.42,50
135,axe,ember-spirit,0.38,100
136,crystal-maiden,ember-spirit,0.5318,173
137,axe,crystal-maiden,0.5423,142
138,pudge,axe,0.5412,194
139,pudge,crystal-maiden,0.5581,430
140,pangolier,zeus,0.494,83
141,pangolier,dazzle,0.625,56
142,undying,juggernaut,0.5789,57
143,zeus,juggernaut,0.5613,155
144,zeus,dazzle,0.5606,66
145,dazzle,juggernaut,0.5327,107
146,night-stalker,mirana,0.6025,322
147,night-stalker,outworld-devourer,0.5625,160
148,troll-warlord,mirana,0.42,50
149,outworld-devourer,mirana,0.5265,226
150,bloodseeker,ogre-magi,0.5781,64
151,bloodseeker,lina,0.4615,52
152,underlord,ogre-magi,0.5273,55
153,underlord,lina,0.6197,71
154,ember-spirit,ogre-magi,0.4195,174
155,lich,invoker,0.5205,73
156,legion-commander,invoker,0.4655,174
157,warlock,legion-commander,0.6111,54
158,outworld-devourer,phoenix,0.4,60
159,slark,oracle,0.5571,70
160,outworld-devourer,slark,0.4286,140
161,rubick,crystal-maiden,0.4564,149
162,rubick,ember-spirit,0.4298,242
163,alchemist,rubick,0.4925,67
164,pudge,alchemist,0.5152,99
165,alchemist,crystal-maiden,0.4364,55
166,mirana,lion,0.5042,355
167,slark,invoker,0.4968,314
168,lion,invoker,0.4872,392
169,slark,lion,0.4944,358
170,phantom-lancer,invoker,0.5085,59
171,rubick,phantom-lancer,0.4324,74
172,slardar,invoker,0.4625,80
173,rubick,slardar,0.3868,106
174,warlock,rubick,0.493,71
175,ancient-apparition,skywrath-mage,0.6,55
176,slark,skywrath-mage,0.5274,146
177,tidehunter,slark,0.4878,82
178,ancient-apparition,slark,0.5197,127
179,windranger,sven,0.5405,74
180,phantom-assassin,windranger,0.4672,137
181,tinker,windranger,0.4767,86
182,windranger,crystal-maiden,0.5381,223
183,crystal-maiden,sven,0.4583,72
184,tinker,phantom-assassin,0.4688,64
185,phantom-assassin,crystal-maiden,0.5258,97
186,tinker,crystal-maiden,0.4918,122
187,shadow-demon,faceless-void,0.4884,86
188,rubick,shadow-demon,0.3148,54
189,shadow-demon,invoker,0.5481,104
190,centaur-warrunner,faceless-void,0.4921,63
191,rubick,centaur-warrunner,0.375,80
192,centaur-warrunner,invoker,0.4265,68
193,rubick,faceless-void,0.4291,289
194,phoenix,invoker,0.5158,95
195,invoker,ogre-magi,0.548,354
196,juggernaut,phoenix,0.5,96
197,phoenix,ogre-magi,0.6633,98
198,juggernaut,ogre-magi,0.5534,262
199,juggernaut,centaur-warrunner,0.3827,81
200,centaur-warrunner,ogre-magi,0.5,52
201,slark,tusk,0.4189,74
202,pudge,tusk,0.4375,64
203,rubick,slark,0.4655,348
204,pudge,sven,0.4727,110
205,rubick,sven,0.4432,88
206,pudge,legion-commander,0.5275,218
207,storm-spirit,legion-commander,0.5224,67
208,grimstroke,legion-commander,0.4881,84
209,legion-commander,anti-mage,0.4107,56
210,pudge,storm-spirit,0.45,200
211,grimstroke,storm-spirit,0.4194,62
212,wraith-king,shadow-demon,0.5472,53
213,sand-king,shadow-demon,0.5294,51
214,sand-king,wraith-king,0.6304,92
215,wraith-king,invoker,0.573,178
216,sand-king,invoker,0.5079,189
217,lich,faceless-void,0.4444,81
218,lich,kunkka,0.4533,75
219,outworld-devourer,skywrath-mage,0.4328,67
220,outworld-devourer,kunkka,0.4265,68
221,skywrath-mage,faceless-void,0.5751,193
222,kunkka,skywrath-mage,0.5357,112
223,kunkka,faceless-void,0.4813,187
224,lion,lina,0.4286,203
225,bloodseeker,lion,0.6,75
226,ember-spirit,lion,0.4074,216
227,sand-king,lion,0.5176,170
228,sand-king,ember-spirit,0.5,114
229,slark,techies,0.4306,72
230,slark,witch-doctor,0.3362,116
231,slark,storm-spirit,0.4779,136
232,storm-spirit,witch-doctor,0.3559,59
233,slardar,lifestealer,0.4211,76
234,pudge,slardar,0.5111,90
235,pudge,lifestealer,0.5506,356
236,rubick,lifestealer,0.4756,246
237,monkey-king,invoker,0.5061,164
238,tiny,invoker,0.4775,178
239,night-stalker,invoker,0.5067,298
240,warlock,monkey-king,0.5116,86
241,warlock,tiny,0.5217,69
242,warlock,night-stalker,0.5818,110
243,night-stalker,monkey-king,0.5028,177
244,night-stalker,tiny,0.5,134
245,phantom-assassin,witch-doctor,0.5,60
246,slardar,phantom-assassin,0.5932,59
247,windranger,witch-doctor,0.4132,121
248,lich,windranger,0.5176,85
249,slardar,windranger,0.459,61
250,night-stalker,anti-mage,0.5667,90
251,ancient-apparition,night-stalker,0.5192,104
252,windranger,lina,0.4497,169
253,queen-of-pain,lina,0.381,63
254,lina,naga-siren,0.4844,64
255,tidehunter,windranger,0.4746,59
256,queen-of-pain,windranger,0.5,68
257,windranger,naga-siren,0.625,56
258,tiny,faceless-void,0.4523,199
259,legion-commander,faceless-void,0.4685,111
260,warlock,faceless-void,0.4911,112
261,legion-commander,tiny,0.4478,67
262,monkey-king,lion,0.4466,253
263,underlord,lion,0.5625,80
264,zeus,lion,0.4329,164
265,rubick,lion,0.4039,203
266,underlord,monkey-king,0.5,50
267,zeus,monkey-king,0.4545,110
268,rubick,monkey-king,0.4672,229
269,zeus,underlord,0.5,50
270,rubick,underlord,0.5256,78
271,zeus,rubick,0.5179,168
272,gyrocopter,sand-king,0.4157,89
273,sand-king,skywrath-mage,0.5876,97
274,gyrocopter,lina,0.4861,144
275,gyrocopter,skywrath-mage,0.4268,82
276,skywrath-mage,lina,0.4815,81
277,undying,faceless-void,0.5758,66
278,pudge,undying,0.5513,78
279,pudge,faceless-void,0.5426,446
280,windranger,drow-ranger,0.5968,124
281,outworld-devourer,windranger,0.3608,97
282,outworld-devourer,drow-ranger,0.5484,62
283,crystal-maiden,drow-ranger,0.5122,82
284,outworld-devourer,crystal-maiden,0.4464,112
285,mirana,ursa,0.5464,97
286,mirana,legion-commander,0.5838,185
287,pudge,enchantress,0.4286,70
288,rubick,enchantress,0.3654,52
289,enchantress,slark,0.4906,53
290,rubick,tinker,0.4488,127
291,tinker,slark,0.4326,141
292,gyrocopter,crystal-maiden,0.5252,139
293,gyrocopter,rubick,0.4634,164
294,riki,crystal-maiden,0.6429,70
295,crystal-maiden,venomancer,0.451,51
296,riki,rubick,0.4667,75
297,disruptor,windranger,0.4609,115
298,windranger,spectre,0.5,94
299,windranger,lion,0.4765,319
300,lion,spectre,0.3211,109
301,pudge,bristleback,0.4714,140
302,pudge,shadow-demon,0.4254,134
303,pudge,drow-ranger,0.5939,165
304,templar-assassin,lion,0.4865,74
305,templar-assassin,slark,0.3846,65
306,templar-assassin,ogre-magi,0.5753,73
307,lion,phoenix,0.4545,110
308,lion,ogre-magi,0.5026,191
309,slark,ogre-magi,0.4785,303
310,warlock,windranger,0.5347,101
311,windranger,invoker,0.5521,192
312,mars,invoker,0.5429,70
313,drow-ranger,invoker,0.5377,106
314,dazzle,sand-king,0.5441,68
315,lion,tusk,0.4024,82
316,gyrocopter,lion,0.4759,166
317,gyrocopter,dazzle,0.5,60
318,dazzle,lion,0.5323,62
319,rubick,ogre-magi,0.4585,229
320,pudge,invoker,0.5455,550
321,juggernaut,mirana,0.5351,342
322,juggernaut,shadow-demon,0.5122,82
323,juggernaut,kunkka,0.4944,178
324,sand-king,mirana,0.5341,249
325,mirana,shadow-demon,0.5737,190
326,kunkka,shadow-demon,0.4744,78
327,pudge,leshrac,0.5233,86
328,pudge,monkey-king,0.5191,341
329,leshrac,rubick,0.4068,59
330,ember-spirit,monkey-king,0.4898,98
331,leshrac,monkey-king,0.46,50
332,spirit-breaker,invoker,0.4655,58
333,bounty-hunter,jakiro,0.4878,82
334,bounty-hunter,invoker,0.4576,118
335,slark,shadow-fiend,0.4024,82
336,rubick,shadow-fiend,0.4206,107
337,rubick,kunkka,0.443,237
338,night-stalker,gyrocopter,0.5549,173
339,lion,drow-ranger,0.4896,96
340,night-stalker,drow-ranger,0.5581,86
341,lion,spirit-breaker,0.4521,73
342,night-stalker,lion,0.5357,280
343,bristleback,storm-spirit,0.3725,51
344,juggernaut,tinker,0.4,120
345,tinker,lina,0.5065,77
346,juggernaut,lina,0.4069,231
347,night-stalker,zeus,0.5779,154
348,night-stalker,disruptor,0.5392,102
349,night-stalker,rubick,0.5179,336
350,zeus,disruptor,0.5161,62
351,zeus,wraith-king,0.6019,108
352,disruptor,wraith-king,0.5,58
353,rubick,disruptor,0.4691,81
354,rubick,wraith-king,0.4412,170
355,windranger,clinkz,0.5556,54
356,windranger,ursa,0.5493,71
357,slardar,juggernaut,0.4789,71
358,juggernaut,treant-protector,0.5775,71
359,slardar,ogre-magi,0.4167,72
360,pangolier,ogre-magi,0.5315,111
361,crystal-maiden,wraith-king,0.5294,136
362,crystal-maiden,lina,0.4529,170
363,grimstroke,wraith-king,0.596,99
364,lion,lifestealer,0.4692,292
365,ancient-apparition,lifestealer,0.4062,96
366,pudge,lion,0.5343,569
367,ancient-apparition,pudge,0.5591,186
368,juggernaut,magnus,0.4805,77
369,juggernaut,spirit-breaker,0.4333,60
370,windranger,spirit-breaker,0.4384,73
371,earthshaker,chaos-knight,0.5968,62
372,warlock,earthshaker,0.5856,111
373,earthshaker,tiny,0.4627,134
374,ember-spirit,phoenix,0.4545,77
375,tidehunter,ember-spirit,0.5686,51
376,tidehunter,lion,0.4535,86
377,tidehunter,juggernaut,0.5333,60
378,juggernaut,ember-spirit,0.4228,149
379,juggernaut,lion,0.423,305
380,earthshaker,lich,0.5238,63
381,lich,lifestealer,0.3714,70
382,earthshaker,morphling,0.5,208
383,earthshaker,lifestealer,0.5072,207
384,slardar,monkey-king,0.5593,59
385,slardar,faceless-void,0.4328,67
386,monkey-king,keeper-of-the-light,0.5769,52
387,monkey-king,faceless-void,0.4359,78
388,keeper-of-the-light,faceless-void,0.5949,79
389,crystal-maiden,invoker,0.5773,291
390,shadow-fiend,wraith-king,0.5,50
391,shadow-fiend,tiny,0.4219,64
392,wraith-king,tiny,0.4579,107
393,dazzle,monkey-king,0.5579,95
394,monkey-king,wraith-king,0.5714,84
395,disruptor,monkey-king,0.4118,85
396,mars,monkey-king,0.4074,54
397,crystal-maiden,tiny,0.4529,170
398,crystal-maiden,slark,0.484,250
399,crystal-maiden,skywrath-mage,0.5231,130
400,ember-spirit,tiny,0.528,125
401,ember-spirit,slark,0.4303,165
402,ember-spirit,skywrath-mage,0.4579,107
403,skywrath-mage,tiny,0.4071,113
404,windranger,chaos-knight,0.4808,52
405,ancient-apparition,windranger,0.5182,110
406,ancient-apparition,storm-spirit,0.5556,54
407,windranger,storm-spirit,0.4286,63
408,crystal-maiden,storm-spirit,0.4876,121
409,drow-ranger,jakiro,0.5735,68
410,pudge,jakiro,0.5882,289
411,ember-spirit,jakiro,0.5122,123
412,pudge,dragon-knight,0.5185,54
413,abaddon,invoker,0.587,92
414,juggernaut,abaddon,0.5862,58
415,pudge,abaddon,0.547,117
416,pudge,juggernaut,0.4968,471
417,pudge,centaur-warrunner,0.5181,83
418,outworld-devourer,silencer,0.459,61
419,mirana,silencer,0.4583,96
420,outworld-devourer,wraith-king,0.4756,82
421,mirana,wraith-king,0.5941,202
422,alchemist,mirana,0.5067,75
423,zeus,shadow-demon,0.549,51
424,earthshaker,zeus,0.5556,162
425,earthshaker,faceless-void,0.5084,238
426,earthshaker,shadow-demon,0.5333,90
427,phantom-assassin,tiny,0.3299,97
428,phantom-assassin,ogre-magi,0.5241,145
429,tiny,ogre-magi,0.4545,165
430,shadow-fiend,ogre-magi,0.4673,107
431,axe,lifestealer,0.5755,139
432,undying,lina,0.5593,59
433,axe,kunkka,0.4536,97
434,axe,lina,0.5308,130
435,pudge,venomancer,0.5962,104
436,pudge,pugna,0.5185,108
437,windranger,venomancer,0.5484,62
438,pugna,windranger,0.3846,52
439,windranger,monkey-king,0.491,222
440,grimstroke,earthshaker,0.4231,130
441,earthshaker,mirana,0.5563,302
442,earthshaker,sand-king,0.4848,99
443,mirana,morphling,0.5,56
444,grimstroke,mirana,0.5,114
445,bounty-hunter,kunkka,0.5395,76
446,shadow-shaman,bounty-hunter,0.625,72
447,phantom-assassin,bounty-hunter,0.5542,83
448,bounty-hunter,legion-commander,0.4828,58
449,shadow-shaman,kunkka,0.4815,135
450,phantom-assassin,kunkka,0.4919,124
451,kunkka,legion-commander,0.4706,102
452,shadow-shaman,phantom-assassin,0.4778,90
453,shadow-shaman,legion-commander,0.4725,91
454,phantom-assassin,legion-commander,0.4639,97
455,ember-spirit,invoker,0.4685,111
456,ember-spirit,abaddon,0.46,50
457,ember-spirit,mirana,0.5304,230
458,mirana,abaddon,0.5256,78
459,pudge,nyx-assassin,0.6078,51
460,lion,venomancer,0.4912,57
461,venomancer,lifestealer,0.4643,56
462,crystal-maiden,kunkka,0.4767,172
463,earthshaker,kunkka,0.4765,170
464,ember-spirit,kunkka,0.381,84
465,earthshaker,crystal-maiden,0.5509,216
466,earthshaker,ember-spirit,0.4541,185
467,earthshaker,skywrath-mage,0.5194,129
468,pugna,slark,0.473,74
469,slark,jakiro,0.4709,189
470,windranger,jakiro,0.5235,170
471,windranger,slark,0.5,266
472,rubick,viper,0.4894,94
473,grimstroke,rubick,0.5221,113
474,rubick,legion-commander,0.4795,146
475,juggernaut,viper,0.55,60
476,juggernaut,legion-commander,0.5,120
477,weaver,invoker,0.5,50
478,slardar,lion,0.4433,97
479,lion,faceless-void,0.4777,291
480,drow-ranger,tiny,0.5593,59
481,sniper,ogre-magi,0.5147,68
482,drow-ranger,ogre-magi,0.5049,103
483,bristleback,rubick,0.3939,132
484,queen-of-pain,rubick,0.4421,95
485,bristleback,lifestealer,0.4714,70
486,bristleback,lion,0.3851,148
487,queen-of-pain,lifestealer,0.5085,59
488,pudge,ursa,0.5397,126
489,dazzle,axe,0.5402,87
490,pudge,dazzle,0.6012,173
491,pudge,arc-warden,0.5571,70
492,windranger,mirana,0.483,294
493,windranger,faceless-void,0.4756,246
494,monkey-king,mirana,0.5056,267
495,mirana,bane,0.6639,122
496,bane,faceless-void,0.5,56
497,rubick,sand-king,0.4878,164
498,tusk,invoker,0.4462,65
499,axe,invoker,0.5401,187
500,shadow-shaman,tusk,0.4426,61
501,shadow-shaman,slark,0.4725,182
502,shadow-shaman,axe,0.5,114
503,axe,slark,0.5091,165
504,crystal-maiden,clockwerk,0.5968,62
505,crystal-maiden,necrophos,0.6182,55
506,outworld-devourer,monkey-king,0.4405,84
507,ancient-apparition,monkey-king,0.4022,92
508,monkey-king,ogre-magi,0.5066,229
509,ancient-apparition,ogre-magi,0.55,60
510,pudge,warlock,0.5645,186
511,pudge,night-stalker,0.556,277
512,warlock,mirana,0.5,98
513,mirana,lifestealer,0.52,325
514,warlock,lifestealer,0.5429,70
515,night-stalker,lifestealer,0.5809,241
516,monkey-king,phoenix,0.4483,87
517,mirana,drow-ranger,0.5934,182
518,crystal-maiden,mirana,0.5312,256
519,grimstroke,phantom-assassin,0.4143,70
520,grimstroke,ogre-magi,0.4713,87
521,earthshaker,phantom-assassin,0.4718,142
522,earthshaker,lina,0.486,179
523,earthshaker,ogre-magi,0.5364,220
524,phantom-assassin,lina,0.4336,113
525,juggernaut,tusk,0.4677,62
526,warlock,zeus,0.6579,76
527,bounty-hunter,skywrath-mage,0.5821,67
528,pudge,skywrath-mage,0.5468,267
529,pudge,bounty-hunter,0.5033,151
530,slark,bounty-hunter,0.4844,128
531,slark,shadow-demon,0.5287,87
532,shadow-shaman,clockwerk,0.5577,52
533,shadow-shaman,wraith-king,0.5421,107
534,rubick,clockwerk,0.5143,70
535,clockwerk,invoker,0.5612,98
536,pudge,broodmother,0.5507,69
537,mirana,chaos-knight,0.5484,93
538,lina,chaos-knight,0.5862,58
539,lion,chaos-knight,0.4306,72
540,mirana,lina,0.5187,187
541,axe,mirana,0.5174,201
542,axe,lion,0.5699,193
543,dark-willow,windranger,0.4394,66
544,bristleback,windranger,0.4141,99
545,windranger,oracle,0.4576,59
546,juggernaut,crystal-maiden,0.5255,255
547,sand-king,crystal-maiden,0.5033,151
548,sand-king,tinker,0.5213,94
549,bounty-hunter,lion,0.5782,147
550,lion,skywrath-mage,0.5103,145
551,gyrocopter,bounty-hunter,0.5443,79
552,axe,bounty-hunter,0.5072,69
553,gyrocopter,axe,0.4946,93
554,axe,skywrath-mage,0.5426,94
555,night-stalker,witch-doctor,0.6129,124
556,night-stalker,slark,0.5455,286
557,tiny,witch-doctor,0.5227,88
558,earth-spirit,faceless-void,0.5185,54
559,viper,faceless-void,0.6104,77
560,tidehunter,faceless-void,0.5857,70
561,pudge,disruptor,0.5509,167
562,disruptor,lifestealer,0.4891,92
563,spectre,tiny,0.3913,69
564,sand-king,tiny,0.4468,94
565,ancient-apparition,tiny,0.4493,69
566,ancient-apparition,sand-king,0.5789,76
567,queen-of-pain,gyrocopter,0.5,60
568,pudge,techies,0.4727,110
569,pudge,kunkka,0.5032,312
570,crystal-maiden,lifestealer,0.5147,204
571,rubick,windranger,0.4032,253
572,bane,invoker,0.4576,59
573,sand-king,faceless-void,0.6069,145
574,skywrath-mage,invoker,0.5203,123
575,gyrocopter,legion-commander,0.4684,79
576,gyrocopter,phoenix,0.5333,60
577,juggernaut,witch-doctor,0.4741,116
578,axe,witch-doctor,0.4746,59
579,rubick,witch-doctor,0.4598,87
580,juggernaut,shadow-fiend,0.4835,91
581,axe,juggernaut,0.4497,169
582,axe,shadow-fiend,0.339,59
583,rubick,axe,0.5179,168
584,dark-willow,monkey-king,0.4706,68
585,pudge,morphling,0.4369,103
586,morphling,lion,0.2727,77
587,bounty-hunter,anti-mage,0.549,51
588,windranger,anti-mage,0.4722,108
589,windranger,bounty-hunter,0.5294,119
590,necrophos,faceless-void,0.6143,70
591,clockwerk,faceless-void,0.5538,65
592,phoenix,faceless-void,0.5652,138
593,zeus,clockwerk,0.6538,52
594,bristleback,ogre-magi,0.4444,117
595,bristleback,kunkka,0.4923,65
596,lion,kunkka,0.521,238
597,grimstroke,axe,0.4667,60
598,axe,wraith-king,0.5854,82
599,grimstroke,kunkka,0.4231,130
600,grimstroke,skywrath-mage,0.4677,62
601,kunkka,wraith-king,0.5243,103
602,skywrath-mage,wraith-king,0.4796,98
603,gyrocopter,outworld-devourer,0.4691,81
604,outworld-devourer,lifestealer,0.4628,121
605,gyrocopter,ogre-magi,0.5212,165
606,necrophos,lifestealer,0.3548,62
607,necrophos,ogre-magi,0.5224,67
608,shadow-shaman,skywrath-mage,0.6061,66
609,mirana,skywrath-mage,0.5857,140
610,shadow-shaman,mirana,0.555,191
611,pudge,shadow-shaman,0.5229,262
612,leshrac,mirana,0.4426,61
613,shadow-fiend,jakiro,0.3906,64
614,crystal-maiden,lion,0.4595,74
615,skywrath-mage,witch-doctor,0.4737,57
616,skywrath-mage,lifestealer,0.4701,134
617,skywrath-mage,legion-commander,0.5049,103
618,witch-doctor,lifestealer,0.5288,104
619,legion-commander,witch-doctor,0.4429,70
620,legion-commander,lifestealer,0.4865,111
621,viper,slark,0.5,82
622,viper,lion,0.505,101
623,lion,jakiro,0.4426,61
624,viper,jakiro,0.6154,52
625,mirana,anti-mage,0.5441,136
626,rubick,mirana,0.4475,219
627,phoenix,tiny,0.5333,75
628,windranger,phoenix,0.5326,92
629,tiny,treant-protector,0.5294,51
630,windranger,treant-protector,0.5125,80
631,windranger,phantom-lancer,0.44,50
632,windranger,tiny,0.4132,167
633,tinker,legion-commander,0.5205,73
634,tinker,wraith-king,0.5789,95
635,earthshaker,invoker,0.4939,330
636,morphling,invoker,0.4833,60
637,zeus,invoker,0.4818,110
638,keeper-of-the-light,tiny,0.4545,66
639,monkey-king,treant-protector,0.4203,69
640,ember-spirit,keeper-of-the-light,0.6034,58
641,ember-spirit,treant-protector,0.5333,60
642,jakiro,faceless-void,0.4181,177
643,storm-spirit,jakiro,0.4737,76
644,shadow-shaman,huskar,0.5094,53
645,mirana,huskar,0.5679,81
646,shadow-shaman,necrophos,0.48,50
647,shadow-shaman,lifestealer,0.4583,144
648,mirana,necrophos,0.5647,85
649,earthshaker,phoenix,0.5385,78
650,grimstroke,faceless-void,0.5214,117
651,grimstroke,invoker,0.4245,139
652,huskar,ogre-magi,0.5775,71
653,luna,ogre-magi,0.4444,63
654,shadow-fiend,lina,0.4828,58
655,pangolier,lina,0.4205,88
656,lina,faceless-void,0.4615,208
657,shadow-fiend,faceless-void,0.5,98
658,pangolier,faceless-void,0.47,100
659,ancient-apparition,juggernaut,0.5341,88
660,juggernaut,templar-assassin,0.4915,59
661,ancient-apparition,axe,0.5195,77
662,ancient-apparition,rubick,0.6049,81
663,slardar,crystal-maiden,0.5263,76
664,mirana,ogre-magi,0.5587,315
665,gyrocopter,kunkka,0.4729,129
666,rubick,jakiro,0.5478,115
667,earthshaker,jakiro,0.4571,140
668,earthshaker,rubick,0.4292,226
669,earthshaker,slark,0.54,300
670,ancient-apparition,phantom-assassin,0.4821,56
671,mars,lion,0.4545,88
672,phantom-assassin,storm-spirit,0.4925,67
673,storm-spirit,lion,0.4756,164
674,shadow-shaman,shadow-fiend,0.5352,71
675,underlord,juggernaut,0.4545,66
676,juggernaut,clockwerk,0.5385,65
677,invoker,ursa,0.5357,84
678,rubick,ursa,0.4205,88
679,earthshaker,ursa,0.5595,84
680,dark-willow,sand-king,0.5686,51
681,dark-willow,tiny,0.5179,56
682,pudge,riki,0.5802,131
683,riki,kunkka,0.6935,62
684,crystal-maiden,meepo,0.6034,58
685,earthshaker,meepo,0.618,89
686,phantom-assassin,invoker,0.5155,161
687,night-stalker,keeper-of-the-light,0.5068,73
688,night-stalker,juggernaut,0.5641,273
689,night-stalker,ogre-magi,0.5498,251
690,keeper-of-the-light,invoker,0.4556,90
691,juggernaut,keeper-of-the-light,0.4576,59
692,shadow-shaman,lina,0.4874,119
693,lina,clockwerk,0.3725,51
694,shadow-shaman,faceless-void,0.4688,160
695,shadow-shaman,windranger,0.45,180
696,windranger,clockwerk,0.493,71
697,gyrocopter,invoker,0.5468,139
698,warlock,gyrocopter,0.5,52
699,crystal-maiden,phoenix,0.5,70
700,pudge,lycan,0.525,80
701,slardar,lina,0.4458,83
702,lycan,ogre-magi,0.5882,51
703,night-stalker,shadow-demon,0.53,100
704,gyrocopter,shadow-demon,0.4211,57
705,gyrocopter,silencer,0.4,65
706,bristleback,skywrath-mage,0.5507,69
707,bristleback,slark,0.4286,112
708,ember-spirit,tusk,0.3898,59
709,warlock,ember-spirit,0.527,74
710,zeus,ember-spirit,0.4462,65
711,warlock,slark,0.5357,112
712,zeus,slark,0.5137,183
713,undying,mirana,0.6349,63
714,mirana,naga-siren,0.6049,81
715,kunkka,naga-siren,0.549,51
716,legion-commander,silencer,0.4262,61
717,juggernaut,storm-spirit,0.419,105
718,tidehunter,jakiro,0.56,50
719,pudge,tidehunter,0.5444,90
720,mars,mirana,0.5385,78
721,mars,ogre-magi,0.5614,57
722,mars,faceless-void,0.4426,61
723,ember-spirit,faceless-void,0.4722,108
724,pudge,zeus,0.5734,293
725,pudge,pangolier,0.515,167
726,zeus,crystal-maiden,0.5197,152
727,pangolier,crystal-maiden,0.449,98
728,shadow-shaman,storm-spirit,0.4598,87
729,luna,mirana,0.5893,56
730,dazzle,lina,0.5385,78
731,lina,legion-commander,0.4677,124
732,monkey-king,legion-commander,0.4454,119
733,monkey-king,lina,0.4313,160
734,earthshaker,lion,0.4848,297
735,pudge,earthshaker,0.5428,374
736,monkey-king,shadow-demon,0.3421,76
737,pugna,mirana,0.623,61
738,earthshaker,pugna,0.4068,59
739,earthshaker,monkey-king,0.4892,186
740,earthshaker,oracle,0.4167,72
741,monkey-king,oracle,0.4483,58
742,invoker,oracle,0.4507,71
743,dark-willow,ember-spirit,0.4906,53
744,ember-spirit,venomancer,0.549,51
745,mars,juggernaut,0.5833,60
746,windranger,ember-spirit,0.4737,133
747,sand-king,storm-spirit,0.6087,69
748,disruptor,sand-king,0.5806,62
749,gyrocopter,storm-spirit,0.4375,64
750,gyrocopter,disruptor,0.4844,64
751,storm-spirit,lina,0.4588,85
752,disruptor,lina,0.4079,76
753,abaddon,ogre-magi,0.4848,66
754,monkey-king,abaddon,0.5179,56
755,legion-commander,ogre-magi,0.4766,128
756,slark,centaur-warrunner,0.4028,72
757,outworld-devourer,lion,0.4937,158
758,lion,wraith-king,0.5298,168
759,outworld-devourer,juggernaut,0.4884,129
760,rubick,bounty-hunter,0.466,103
761,rubick,necrophos,0.3974,78
762,outworld-devourer,lina,0.3438,96
763,outworld-devourer,phantom-assassin,0.4507,71
764,outworld-devourer,legion-commander,0.3443,61
765,mirana,bloodseeker,0.625,88
766,bloodseeker,invoker,0.5741,54
767,tidehunter,mirana,0.5595,84
768,tidehunter,invoker,0.5,102
769,queen-of-pain,pudge,0.4719,178
770,phantom-assassin,magnus,0.5595,84
771,axe,anti-mage,0.5926,54
772,shadow-shaman,anti-mage,0.4848,66
773,riki,invoker,0.5955,89
774,riki,juggernaut,0.5119,84
775,mirana,oracle,0.4494,89
776,pudge,razor,0.5357,56
777,abaddon,faceless-void,0.5263,76
778,abaddon,tiny,0.5,54
779,earthshaker,outworld-devourer,0.4359,117
780,weaver,mirana,0.5849,53
781,disruptor,slark,0.4706,102
782,disruptor,kunkka,0.3662,71
783,disruptor,tiny,0.3288,73
784,windranger,kunkka,0.4076,157
785,kunkka,tiny,0.3925,107
786,ancient-apparition,zeus,0.5082,61
787,zeus,legion-commander,0.578,109
788,ancient-apparition,legion-commander,0.434,53
789,slark,legion-commander,0.4943,176
790,sand-king,jakiro,0.552,125
791,drow-ranger,vengeful-spirit,0.6,50
792,ancient-apparition,mirana,0.4951,103
793,ember-spirit,legion-commander,0.4881,84
794,gyrocopter,witch-doctor,0.5088,57
795,gyrocopter,ember-spirit,0.4699,83
796,ember-spirit,witch-doctor,0.4667,105
797,mirana,witch-doctor,0.6074,135
798,night-stalker,faceless-void,0.5248,202
799,tusk,faceless-void,0.4815,54
800,night-stalker,lich,0.4545,88
801,night-stalker,tusk,0.5088,57
802,tidehunter,crystal-maiden,0.5312,64
803,night-stalker,undying,0.6308,65
804,night-stalker,clinkz,0.6429,56
805,night-stalker,kunkka,0.5333,150
806,warlock,lina,0.3939,66
807,warlock,phantom-assassin,0.625,64
808,tinker,shadow-demon,0.5,52
809,shadow-shaman,bristleback,0.5238,84
810,bristleback,phantom-assassin,0.4675,77
811,bristleback,zeus,0.5,92
812,shadow-shaman,zeus,0.5,98
813,shadow-shaman,ogre-magi,0.5233,86
814,zeus,phantom-assassin,0.5204,98
815,phantom-lancer,lion,0.4853,68
816,omniknight,lion,0.4074,54
817,lich,mirana,0.4615,65
818,lich,slark,0.5732,82
819,shadow-shaman,tidehunter,0.5,60
820,earthshaker,shadow-shaman,0.4773,176
821,earthshaker,sven,0.5072,69
822,abaddon,lina,0.5333,60
823,tiny,jakiro,0.4567,127
824,riki,monkey-king,0.5686,51
825,crystal-maiden,monkey-king,0.4969,163
826,rubick,pugna,0.5217,69
827,pugna,crystal-maiden,0.5893,56
828,leshrac,slark,0.4405,84
829,slark,venomancer,0.434,53
830,shadow-shaman,outworld-devourer,0.427,89
831,juggernaut,winter-wyvern,0.64,50
832,queen-of-pain,juggernaut,0.4167,84
833,pudge,clinkz,0.5678,118
834,pudge,shadow-fiend,0.4936,156
835,pudge,vengeful-spirit,0.5484,93
836,pudge,phantom-assassin,0.5667,270
837,pudge,phoenix,0.5818,165
838,puck,slark,0.5091,55
839,slark,abaddon,0.4022,92
840,queen-of-pain,crystal-maiden,0.4457,92
841,pudge,outworld-devourer,0.5,188
842,pudge,puck,0.4505,91
843,undying,ember-spirit,0.4423,52
844,disruptor,ember-spirit,0.5385,65
845,earthshaker,disruptor,0.4624,93
846,dark-willow,ogre-magi,0.5769,52
847,juggernaut,dark-willow,0.5694,72
848,juggernaut,tiny,0.4895,190
849,gyrocopter,abaddon,0.5,58
850,lion,ursa,0.5227,88
851,abaddon,lion,0.4368,87
852,anti-mage,ogre-magi,0.4608,102
853,anti-mage,jakiro,0.6071,56
854,jakiro,ogre-magi,0.4316,95
855,zeus,tiny,0.4636,110
856,witch-doctor,ogre-magi,0.4921,63
857,alchemist,ogre-magi,0.3846,52
858,rubick,outworld-devourer,0.3647,170
859,rubick,drow-ranger,0.4545,77
860,earthshaker,tinker,0.4297,128
861,earthshaker,winter-wyvern,0.5614,57
862,earthshaker,leshrac,0.5714,70
863,anti-mage,invoker,0.5078,128
864,pangolier,rubick,0.4046,131
865,crystal-maiden,anti-mage,0.5476,84
866,riki,lina,0.4182,55
867,riki,mirana,0.64,75
868,riki,ogre-magi,0.5513,78
869,night-stalker,crystal-maiden,0.587,247
870,night-stalker,storm-spirit,0.438,137
871,rubick,meepo,0.6032,63
872,bounty-hunter,tiny,0.54,50
873,rubick,tiny,0.3804,184
874,rubick,clinkz,0.4638,69
875,night-stalker,lina,0.5019,265
876,night-stalker,tinker,0.5276,127
877,lina,phoenix,0.451,51
878,tinker,phoenix,0.4038,52
879,slark,lina,0.428,243
880,slardar,ember-spirit,0.5472,53
881,earth-spirit,lion,0.4,60
882,lion,clinkz,0.5593,59
883,luna,lion,0.5172,58
884,pugna,faceless-void,0.4038,52
885,venomancer,faceless-void,0.5769,52
886,pangolier,lifestealer,0.5333,120
887,zeus,skywrath-mage,0.5357,56
888,juggernaut,skywrath-mage,0.5328,137
889,skywrath-mage,ogre-magi,0.5414,133
890,ancient-apparition,wraith-king,0.5814,86
891,ancient-apparition,tinker,0.4561,57
892,wraith-king,jakiro,0.5056,89
893,mirana,clockwerk,0.6211,95
894,crystal-maiden,faceless-void,0.5,230
895,wraith-king,ogre-magi,0.5828,151
896,windranger,tusk,0.5,92
897,windranger,wraith-king,0.5758,165
898,ember-spirit,lifestealer,0.5076,132
899,pangolier,skywrath-mage,0.439,82
900,pangolier,ember-spirit,0.4878,82
901,grimstroke,night-stalker,0.5301,166
902,night-stalker,ursa,0.5968,62
903,grimstroke,gyrocopter,0.4688,64
904,grimstroke,lion,0.4336,113
905,shadow-shaman,sand-king,0.4516,93
906,lion,legion-commander,0.5027,187
907,spirit-breaker,lifestealer,0.3881,67
908,mirana,tiny,0.4555,191
909,monkey-king,centaur-warrunner,0.4182,55
910,centaur-warrunner,mirana,0.4255,94
911,bristleback,juggernaut,0.3404,94
912,disruptor,juggernaut,0.4423,104
913,disruptor,mirana,0.5,94
914,lich,tiny,0.4314,51
915,rubick,lina,0.4057,175
916,grimstroke,slark,0.4277,173
917,grimstroke,ember-spirit,0.3171,82
918,slark,vengeful-spirit,0.5283,53
919,night-stalker,vengeful-spirit,0.6667,60
920,sand-king,phantom-assassin,0.4605,76
921,zeus,witch-doctor,0.5574,61
922,invoker,lifestealer,0.4906,265
923,windranger,lifestealer,0.4805,231
924,naga-siren,invoker,0.4921,63
925,treant-protector,invoker,0.5233,86
926,lina,witch-doctor,0.4203,69
927,timbersaw,lina,0.4906,53
928,shadow-shaman,phoenix,0.5833,60
929,shadow-shaman,monkey-king,0.5068,146
930,clockwerk,lifestealer,0.4935,77
931,zeus,sand-king,0.5625,128
932,slark,bane,0.5902,61
933,earthshaker,bloodseeker,0.4769,65
934,luna,pudge,0.587,92
935,pudge,mars,0.5417,96
936,dazzle,kunkka,0.5316,79
937,night-stalker,dazzle,0.6465,99
938,night-stalker,earthshaker,0.4873,158
939,earthshaker,dazzle,0.6036,111
940,rubick,phantom-assassin,0.4678,171
941,rubick,magnus,0.5179,56
942,timbersaw,windranger,0.4286,70
943,disruptor,faceless-void,0.5663,83
944,disruptor,invoker,0.4912,114
945,zeus,spectre,0.5479,73
946,earthshaker,puck,0.4333,60
947,jakiro,lifestealer,0.4931,144
948,puck,lifestealer,0.4355,62
949,rubick,puck,0.3833,60
950,mirana,jakiro,0.6034,174
951,shadow-fiend,mirana,0.4959,123
952,bristleback,ember-spirit,0.4318,88
953,mirana,storm-spirit,0.4932,148
954,earthshaker,anti-mage,0.4579,107
955,outworld-devourer,sand-king,0.4945,91
956,grimstroke,outworld-devourer,0.5077,65
957,phoenix,jakiro,0.4727,55
958,windranger,abaddon,0.5244,82
959,zeus,lifestealer,0.5764,144
960,centaur-warrunner,lifestealer,0.5094,53
961,windranger,centaur-warrunner,0.48,50
962,earthshaker,legion-commander,0.5347,101
963,ursa,ogre-magi,0.4921,63
964,lina,tiny,0.403,134
965,queen-of-pain,jakiro,0.3857,70
966,pudge,treant-protector,0.5165,91
967,shadow-shaman,gyrocopter,0.5604,91
968,shadow-shaman,tinker,0.4205,88
969,outworld-devourer,jakiro,0.4,100
970,leshrac,lion,0.4638,69
971,monkey-king,kunkka,0.4228,123
972,night-stalker,leshrac,0.5,76
973,ember-spirit,shadow-demon,0.4,60
974,rubick,chaos-knight,0.4355,62
975,rubick,tidehunter,0.4842,95
976,slark,clockwerk,0.4333,60
977,underlord,lifestealer,0.4906,53
978,shadow-fiend,lifestealer,0.4189,74
979,enchantress,lion,0.549,51
980,undying,invoker,0.5875,80
981,earthshaker,wraith-king,0.5378,119
982,kunkka,jakiro,0.4626,147
983,dark-willow,kunkka,0.4375,64
984,slardar,jakiro,0.3966,58
985,dark-willow,lifestealer,0.507,71
986,pangolier,wraith-king,0.5,62
987,pangolier,witch-doctor,0.4717,53
988,wraith-king,witch-doctor,0.5072,69
989,pudge,witch-doctor,0.5094,212
990,lion,meepo,0.5244,82
991,earthshaker,shadow-fiend,0.5465,86
992,alchemist,lion,0.4677,62
993,pangolier,lion,0.5333,135
994,shadow-demon,lifestealer,0.5065,77
995,rubick,abaddon,0.4737,95
996,ember-spirit,anti-mage,0.4464,56
997,warlock,lion,0.48,50
998,anti-mage,witch-doctor,0.566,53
999,zeus,anti-mage,0.5085,59
1000,monkey-king,clockwerk,0.5902,61
1001,dazzle,windranger,0.5476,126
1002,ember-spirit,bounty-hunter,0.5,80
1003,windranger,shadow-fiend,0.4921,63
1004,juggernaut,meepo,0.5263,76
1005,lich,juggernaut,0.5,96
1006,pudge,bloodseeker,0.582,122
1007,crystal-maiden,legion-commander,0.4745,137
1008,lina,anti-mage,0.4943,87
1009,kunkka,anti-mage,0.5333,90
1010,templar-assassin,lina,0.5273,55
1011,lich,lina,0.4746,59
1012,pangolier,slark,0.4454,119
1013,pangolier,kunkka,0.4853,68
1014,lina,invoker,0.4155,142
1015,pudge,magnus,0.5405,74
1016,pangolier,monkey-king,0.4468,94
1017,grimstroke,monkey-king,0.4286,126
1018,tinker,lifestealer,0.5481,135
1019,mirana,meepo,0.5417,72
1020,bounty-hunter,lina,0.4028,72
1021,oracle,faceless-void,0.5072,69
1022,timbersaw,crystal-maiden,0.4684,79
1023,pudge,timbersaw,0.4737,114
1024,winter-wyvern,lifestealer,0.5645,62
1025,treant-protector,lifestealer,0.5443,79
1026,monkey-king,skywrath-mage,0.5069,144
1027,lion,tiny,0.4121,199
1028,rubick,naga-siren,0.4828,58
1029,zeus,lina,0.5446,101
1030,rubick,morphling,0.3077,52
1031,bristleback,lina,0.5377,106
1032,bristleback,tiny,0.3175,63
1033,rubick,storm-spirit,0.4091,154
1034,rubick,spectre,0.427,89
1035,rubick,skywrath-mage,0.424,125
1036,pangolier,storm-spirit,0.463,54
1037,skywrath-mage,spectre,0.5091,55
1038,ancient-apparition,kunkka,0.5,84
1039,ancient-apparition,faceless-void,0.4872,117
1040,crystal-maiden,shadow-fiend,0.5,84
1041,riki,windranger,0.5263,76
1042,riki,ember-spirit,0.5645,62
1043,riki,earthshaker,0.5806,62
1044,earthshaker,windranger,0.535,243
1045,wraith-king,phoenix,0.4655,58
1046,dark-willow,invoker,0.5493,71
1047,ancient-apparition,invoker,0.475,120
1048,earthshaker,viper,0.5185,81
1049,viper,bounty-hunter,0.6667,51
1050,earthshaker,bounty-hunter,0.4314,102
1051,axe,phantom-assassin,0.5,78
1052,phantom-assassin,mirana,0.5549,173
1053,night-stalker,puck,0.5536,56
1054,crystal-maiden,morphling,0.4314,51
1055,crystal-maiden,puck,0.451,51
1056,pudge,winter-wyvern,0.6848,92
1057,pudge,bane,0.5,96
1058,zeus,mirana,0.5896,173
1059,timbersaw,lion,0.4182,110
1060,timbersaw,mirana,0.5208,96
1061,earthshaker,keeper-of-the-light,0.5467,75
1062,kunkka,spectre,0.4096,83
1063,kunkka,spirit-breaker,0.5091,55
1064,templar-assassin,tiny,0.48,50
1065,witch-doctor,faceless-void,0.5354,127
1066,sand-king,witch-doctor,0.4516,62
1067,timbersaw,faceless-void,0.493,71
1068,tinker,faceless-void,0.4211,133
1069,techies,faceless-void,0.5294,51
1070,earthshaker,juggernaut,0.5212,259
1071,earthshaker,huskar,0.4921,63
1072,night-stalker,treant-protector,0.5875,80
1073,pangolier,mirana,0.5776,116
1074,outworld-devourer,dazzle,0.5536,56
1075,abaddon,kunkka,0.6379,58
1076,zeus,windranger,0.5082,122
1077,windranger,necrophos,0.4074,54
1078,storm-spirit,lifestealer,0.4711,121
1079,techies,invoker,0.5224,67
1080,windranger,techies,0.5441,68
1081,lion,naga-siren,0.5915,71
1082,pudge,naga-siren,0.5556,99
1083,pangolier,windranger,0.5119,84
1084,bounty-hunter,wraith-king,0.4648,71
1085,bounty-hunter,witch-doctor,0.46,50
1086,axe,ogre-magi,0.562,121
1087,axe,storm-spirit,0.4,80
1088,storm-spirit,ogre-magi,0.5234,107
1089,storm-spirit,wraith-king,0.4198,81
1090,pangolier,earthshaker,0.4658,73
1091,dark-willow,mirana,0.45,60
1092,axe,silencer,0.3939,66
1093,kunkka,silencer,0.4848,99
1094,dazzle,ember-spirit,0.4731,93
1095,earth-spirit,slark,0.3051,59
1096,monkey-king,bounty-hunter,0.5,96
1097,kunkka,invoker,0.4729,129
1098,juggernaut,necrophos,0.3906,64
1099,pudge,necrophos,0.5,122
1100,zeus,keeper-of-the-light,0.5849,53
1101,axe,faceless-void,0.541,122
1102,zeus,axe,0.5842,101
1103,alchemist,windranger,0.4561,57
1104,windranger,legion-commander,0.5341,88
1105,spectre,invoker,0.45,100
1106,invoker,silencer,0.4737,133
1107,zeus,silencer,0.5862,58
1108,sand-king,anti-mage,0.6032,63
1109,lion,anti-mage,0.5639,133
1110,lifestealer,oracle,0.5,54
1111,shadow-shaman,drow-ranger,0.5286,70
1112,night-stalker,shadow-shaman,0.5294,153
1113,warlock,sand-king,0.6333,60
1114,bristleback,monkey-king,0.3924,79
1115,zeus,jakiro,0.5294,102
1116,pangolier,shadow-shaman,0.5341,88
1117,pangolier,tinker,0.4444,54
1118,phoenix,lifestealer,0.4634,82
1119,crystal-maiden,spectre,0.5303,66
1120,windranger,shadow-demon,0.56,75
1121,earthshaker,drow-ranger,0.5,94
1122,sven,kunkka,0.5156,64
1123,pangolier,phantom-assassin,0.4833,60
1124,queen-of-pain,faceless-void,0.4194,93
1125,queen-of-pain,grimstroke,0.3585,53
1126,luna,rubick,0.3774,53
1127,juggernaut,puck,0.4364,55
1128,puck,lion,0.4286,56
1129,night-stalker,bounty-hunter,0.5625,96
1130,crystal-maiden,bounty-hunter,0.5663,83
1131,ember-spirit,winter-wyvern,0.5849,53
1132,bounty-hunter,lifestealer,0.5604,91
1133,queen-of-pain,night-stalker,0.4945,91
1134,night-stalker,phantom-assassin,0.5312,128
1135,witch-doctor,invoker,0.4963,135
1136,night-stalker,winter-wyvern,0.6119,67
1137,mirana,winter-wyvern,0.5443,79
1138,crystal-maiden,ogre-magi,0.5481,135
1139,tinker,lion,0.4383,162
1140,templar-assassin,faceless-void,0.5,50
1141,pudge,weaver,0.6125,80
1142,mars,slark,0.4054,74
1143,rubick,mars,0.4783,69
1144,grimstroke,lifestealer,0.4032,124
1145,grimstroke,pugna,0.5,52
1146,pugna,lifestealer,0.5091,55
1147,earthshaker,templar-assassin,0.625,64
1148,mirana,keeper-of-the-light,0.5882,68
1149,pudge,keeper-of-the-light,0.5785,121
1150,earthshaker,phantom-lancer,0.5075,67
1151,tinker,silencer,0.4118,51
1152,lina,shadow-demon,0.3276,58
1153,earthshaker,storm-spirit,0.4495,109
1154,spectre,ogre-magi,0.5111,90
1155,storm-spirit,kunkka,0.5686,51
1156,mirana,clinkz,0.3692,65
1157,timbersaw,monkey-king,0.4211,57
1158,earthshaker,silencer,0.563,119
1159,juggernaut,silencer,0.5,108
1160,silencer,ogre-magi,0.4268,82
1161,gyrocopter,monkey-king,0.5075,67
1162,timbersaw,ogre-magi,0.4286,70
1163,queen-of-pain,tiny,0.3704,81
1164,tiny,lifestealer,0.4218,147
1165,skywrath-mage,silencer,0.4138,58
1166,keeper-of-the-light,lifestealer,0.5,62
1167,riki,slark,0.5652,69
1168,bristleback,outworld-devourer,0.3803,71
1169,mirana,arc-warden,0.4706,51
1170,bristleback,crystal-maiden,0.4928,138
1171,phoenix,witch-doctor,0.549,51
1172,phantom-lancer,kunkka,0.56,50
1173,pudge,clockwerk,0.5732,82
1174,sven,invoker,0.407,86
1175,sven,ogre-magi,0.4603,63
1176,pudge,underlord,0.6133,75
1177,windranger,skywrath-mage,0.4453,128
1178,undying,rubick,0.451,51
1179,sand-king,monkey-king,0.5397,126
1180,monkey-king,winter-wyvern,0.42,50
1181,outworld-devourer,disruptor,0.4545,55
1182,tidehunter,ogre-magi,0.5143,70
1183,pugna,ogre-magi,0.4722,72
1184,leshrac,ogre-magi,0.5362,69
1185,dazzle,slark,0.5504,129
1186,axe,windranger,0.5773,97
1187,tusk,lifestealer,0.4493,69
1188,leshrac,crystal-maiden,0.52,50
1189,bristleback,witch-doctor,0.4677,62
1190,tinker,ogre-magi,0.5159,126
1191,phantom-assassin,ember-spirit,0.4938,81
1192,drow-ranger,lina,0.5467,75
1193,centaur-warrunner,lina,0.4407,59
1194,ancient-apparition,gyrocopter,0.4815,54
1195,outworld-devourer,witch-doctor,0.6282,78
1196,kunkka,witch-doctor,0.506,83
1197,pudge,tiny,0.4755,265
1198,shadow-shaman,tiny,0.4959,121
1199,lion,silencer,0.5833,84
1200,dazzle,lifestealer,0.5222,90
1201,warlock,spectre,0.4528,53
1202,ember-spirit,spectre,0.5686,51
1203,dazzle,tinker,0.5342,73
1204,windranger,silencer,0.5,98
1205,pudge,lich,0.4681,141
1206,earth-spirit,lifestealer,0.5862,58
1207,axe,jakiro,0.5432,81
1208,axe,drow-ranger,0.549,51
1209,shadow-shaman,ursa,0.6066,61
1210,phantom-lancer,ogre-magi,0.5385,52
1211,crystal-maiden,viper,0.5641,78
1212,skywrath-mage,anti-mage,0.5323,62
1213,luna,windranger,0.6471,51
1214,mirana,sniper,0.3521,71
1215,axe,monkey-king,0.5463,108
1216,outworld-devourer,bounty-hunter,0.4375,64
1217,night-stalker,spectre,0.4875,80
1218,night-stalker,venomancer,0.6379,58
1219,huskar,faceless-void,0.4231,52
1220,pudge,huskar,0.5408,98
1221,luna,lina,0.5,50
1222,earthshaker,venomancer,0.5735,68
1223,bristleback,jakiro,0.381,84
1224,lina,jakiro,0.464,125
1225,night-stalker,ember-spirit,0.5598,209
1226,luna,night-stalker,0.62,50
1227,bounty-hunter,ogre-magi,0.4889,90
1228,templar-assassin,crystal-maiden,0.6,50
1229,monkey-king,witch-doctor,0.4176,91
1230,outworld-devourer,tiny,0.4796,98
1231,rubick,dazzle,0.4719,89
1232,underlord,invoker,0.5238,63
1233,underlord,slark,0.5686,51
1234,night-stalker,bloodseeker,0.625,56
1235,rubick,bloodseeker,0.5588,68
1236,pugna,lion,0.4571,70
1237,windranger,vengeful-spirit,0.55,60
1238,queen-of-pain,ogre-magi,0.5161,93
1239,viper,mirana,0.5865,104
1240,night-stalker,oracle,0.5147,68
1241,gyrocopter,windranger,0.535,157
1242,gyrocopter,underlord,0.6182,55
1243,earthshaker,abaddon,0.5735,68
1244,juggernaut,bounty-hunter,0.4771,109
1245,queen-of-pain,slark,0.4574,94
1246,queen-of-pain,mirana,0.4737,114
1247,queen-of-pain,sand-king,0.4375,64
1248,windranger,bloodseeker,0.3443,61
1249,lion,huskar,0.4844,64
1250,undying,lion,0.5,50
1251,rubick,treant-protector,0.5152,66
1252,slark,meepo,0.65,60
1253,earthshaker,spectre,0.5556,99
1254,earth-spirit,invoker,0.5686,51
1255,tiny,ursa,0.4444,54
1256,underlord,mirana,0.5143,70
1257,zeus,slardar,0.5172,58
1258,windranger,keeper-of-the-light,0.4714,70
1259,gyrocopter,tiny,0.418,122
1260,earthshaker,gyrocopter,0.4341,129
1261,tiny,techies,0.3793,58
1262,night-stalker,windranger,0.5618,178
1263,earthshaker,dark-willow,0.4231,52
1264,night-stalker,dark-willow,0.5915,71
1265,juggernaut,pugna,0.4861,72
1266,dark-willow,faceless-void,0.5362,69
1267,underlord,faceless-void,0.5652,69
1268,magnus,invoker,0.5818,55
1269,night-stalker,skywrath-mage,0.5476,168
1270,night-stalker,riki,0.58,50
1271,lich,ember-spirit,0.4,55
1272,pudge,meepo,0.4667,105
1273,axe,tinker,0.5217,69
1274,winter-wyvern,invoker,0.4426,61
1275,queen-of-pain,axe,0.5,52
1276,riki,lion,0.5275,91
1277,mars,kunkka,0.54,50
1278,magnus,lion,0.3529,51
1279,earth-spirit,juggernaut,0.3654,52
1280,skywrath-mage,jakiro,0.5694,72
1281,legion-commander,jakiro,0.4831,89
1282,centaur-warrunner,lion,0.3766,77
1283,warlock,kunkka,0.4487,78
1284,tinker,bounty-hunter,0.5714,84
1285,juggernaut,monkey-king,0.48,100
1286,pangolier,gyrocopter,0.5079,63
1287,mirana,bounty-hunter,0.5122,82
1288,clinkz,lina,0.52,50
1289,slark,winter-wyvern,0.4211,57
1290,gyrocopter,keeper-of-the-light,0.4667,60
1291,sven,lion,0.4507,71
1292,undying,windranger,0.5614,57
1293,monkey-king,tusk,0.4118,51
1294,lion,treant-protector,0.5385,65
1295,night-stalker,abaddon,0.6415,53
1296,phantom-assassin,shadow-demon,0.38,50
1297,slark,keeper-of-the-light,0.4659,88
1298,puck,mirana,0.6176,68
1299,juggernaut,oracle,0.4,55
1300,juggernaut,vengeful-spirit,0.4906,53
1301,axe,tiny,0.4533,75
1302,grimstroke,zeus,0.4776,67
1303,gyrocopter,zeus,0.5802,81
1304,warlock,outworld-devourer,0.4035,57
1305,lion,necrophos,0.4,75
1306,kunkka,clockwerk,0.5082,61
1307,shadow-demon,tiny,0.3582,67
1308,leshrac,tiny,0.4,55
1309,meepo,lifestealer,0.5294,51
1310,tinker,tiny,0.369,84
1311,sand-king,keeper-of-the-light,0.5882,51
1312,zeus,kunkka,0.5,76
1313,bristleback,gyrocopter,0.4189,74
1314,shadow-shaman,viper,0.5373,67
1315,tidehunter,lifestealer,0.5946,74
1316,ancient-apparition,ember-spirit,0.4756,82
1317,rubick,silencer,0.4719,89
1318,drow-ranger,silencer,0.4727,55
1319,night-stalker,jakiro,0.5467,150
1320,crystal-maiden,centaur-warrunner,0.4058,69
1321,earthshaker,naga-siren,0.3929,56
1322,alchemist,earthshaker,0.4,50
1323,crystal-maiden,ursa,0.5694,72
1324,phantom-assassin,jakiro,0.4272,103
1325,queen-of-pain,earthshaker,0.3736,91
1326,pudge,sniper,0.4953,107
1327,zeus,bounty-hunter,0.6301,73
1328,slark,necrophos,0.403,67
1329,tinker,skywrath-mage,0.4464,56
1330,axe,dark-willow,0.5769,52
1331,shadow-fiend,lion,0.4583,96
1332,sand-king,shadow-fiend,0.4561,57
1333,pudge,natures-prophet,0.5192,52
1334,monkey-king,jakiro,0.4898,147
1335,phantom-assassin,skywrath-mage,0.5395,76
1336,dazzle,skywrath-mage,0.5,60
1337,shadow-shaman,ember-spirit,0.4874,119
1338,monkey-king,spirit-breaker,0.4032,62
1339,mirana,spectre,0.5517,116
1340,lina,necrophos,0.54,50
1341,night-stalker,pugna,0.5606,66
1342,crystal-maiden,naga-siren,0.5,50
1343,rubick,huskar,0.4815,54
1344,bristleback,bounty-hunter,0.5686,51
1345,grimstroke,bristleback,0.4583,72
1346,queen-of-pain,shadow-shaman,0.5345,58
1347,anti-mage,silencer,0.48,50
1348,sven,lina,0.4615,52
1349,night-stalker,bane,0.4516,62
1350,outworld-devourer,invoker,0.5094,53
1351,lina,keeper-of-the-light,0.4737,57
1352,mirana,vengeful-spirit,0.5325,77
1353,invoker,vengeful-spirit,0.5342,73
1354,necrophos,invoker,0.4697,66
1355,underlord,crystal-maiden,0.5667,60
1356,windranger,winter-wyvern,0.5625,64
1357,rubick,phoenix,0.4762,84
1358,gyrocopter,io,0.5932,59
1359,abaddon,storm-spirit,0.451,51
1360,storm-spirit,tiny,0.4651,86
1361,monkey-king,storm-spirit,0.35,60
1362,bristleback,anti-mage,0.44,50
1363,shadow-shaman,spectre,0.4182,55
1364,shadow-demon,legion-commander,0.4615,52
1365,viper,lifestealer,0.5325,77
1366,pugna,tiny,0.5094,53
1367,bristleback,keeper-of-the-light,0.4306,72
1368,legion-commander,keeper-of-the-light,0.6102,59
1369,night-stalker,shadow-fiend,0.5714,70
1370,shadow-shaman,lion,0.4478,67
1371,lina,oracle,0.434,53
1372,earthshaker,axe,0.5287,87
1373,tidehunter,monkey-king,0.5789,57
1374,venomancer,ogre-magi,0.451,51
1375,crystal-maiden,spirit-breaker,0.5263,57
1376,tinker,monkey-king,0.4783,69
1377,grimstroke,lich,0.5357,56
1378,phantom-assassin,silencer,0.6032,63
1379,sand-king,bounty-hunter,0.4815,54
1380,techies,ogre-magi,0.4576,59
1381,outworld-devourer,axe,0.5588,68
1382,lich,monkey-king,0.5156,64
1383,leshrac,invoker,0.4118,51
1384,ancient-apparition,lina,0.5,78
1385,slardar,slark,0.4125,80
1386,sven,mirana,0.4658,73
1387,lina,ursa,0.5806,62
1388,warlock,wraith-king,0.6471,51
1389,templar-assassin,mirana,0.6,75
1390,ancient-apparition,earthshaker,0.4607,89
1391,monkey-king,techies,0.4423,52
1392,pudge,chaos-knight,0.5543,92
1393,treant-protector,faceless-void,0.4923,65
1394,vengeful-spirit,faceless-void,0.4483,58
1395,clockwerk,ogre-magi,0.6226,53
1396,meepo,ogre-magi,0.4677,62
1397,earthshaker,witch-doctor,0.4767,86
1398,kunkka,venomancer,0.5094,53
1399,silencer,lifestealer,0.4773,88
1400,queen-of-pain,monkey-king,0.4308,65
1401,chaos-knight,invoker,0.4833,60
1402,grimstroke,tinker,0.4512,82
1403,rubick,lich,0.3725,51
1404,monkey-king,lifestealer,0.4359,78
1405,timbersaw,slark,0.425,80
1406,dazzle,ogre-magi,0.4805,77
1407,kunkka,keeper-of-the-light,0.4407,59
1408,mars,lina,0.3548,62
1409,enchantress,mirana,0.5238,63
1410,earthshaker,bristleback,0.4051,79
1411,leshrac,faceless-void,0.3607,61
1412,zeus,abaddon,0.4643,56
1413,lina,treant-protector,0.5,54
1414,sand-king,silencer,0.5085,59
1415,vengeful-spirit,lifestealer,0.5556,54
1416,bristleback,silencer,0.4182,55
1417,timbersaw,lifestealer,0.4545,66
1418,pudge,troll-warlord,0.4286,63
1419,night-stalker,viper,0.62,50
1420,dazzle,phantom-assassin,0.4545,77
1421,warlock,skywrath-mage,0.5636,55
1422,dazzle,tiny,0.5294,68
1423,disruptor,phantom-assassin,0.3793,58
1424,crystal-maiden,bloodseeker,0.6607,56
1425,bristleback,tinker,0.5077,65
1426,night-stalker,sven,0.5217,69
1427,rubick,sniper,0.4912,57
1428,juggernaut,techies,0.4151,53
1429,abaddon,lifestealer,0.4648,71
1430,phantom-assassin,phoenix,0.5686,51
1431,leshrac,juggernaut,0.431,58
1432,disruptor,axe,0.5192,52
1433,mirana,lycan,0.6226,53
1434,lion,sniper,0.4762,63
1435,earthshaker,necrophos,0.5385,52
1436,slardar,mirana,0.5222,90
1437,disruptor,legion-commander,0.4035,57
1438,night-stalker,techies,0.4151,53
